video_id, sentence_id, dep_length, total_length
1, 0, 51, 27
1, 1, 27, 15
1, 2, 24, 14
1, 3, 17, 11
1, 4, 21, 13
1, 5, 18, 12
1, 6, 11, 8
1, 7, 9, 6
1, 8, 20, 9
1, 9, 29, 17
1, 10, 8, 7
1, 11, 56, 21
1, 12, 22, 10
1, 13, 9, 7
1, 14, 22, 12
1, 15, 58, 19
1, 16, 71, 20
1, 17, 19, 12
1, 18, 25, 13
1, 19, 87, 29
1, 20, 115, 28
1, 21, 45, 24
1, 22, 26, 14
1, 23, 6, 6
1, 24, 6, 6
1, 25, 95, 38
1, 26, 17, 10
1, 27, 17, 10
1, 28, 19, 12
1, 29, 54, 23
1, 30, 29, 14
1, 31, 3, 3
1, 32, 14, 10
1, 33, 18, 9
1, 34, 6, 6
2, 0, 1, 2
2, 1, 55, 27
2, 2, 37, 16
2, 3, 17, 11
2, 4, 14, 10
2, 5, 2, 3
2, 6, 46, 20
2, 7, 26, 13
2, 8, 8, 5
2, 9, 72, 32
2, 10, 98, 29
2, 11, 20, 9
2, 12, 15, 9
2, 13, 49, 21
2, 14, 10, 7
2, 15, 43, 22
2, 16, 24, 13
2, 17, 23, 13
2, 18, 35, 13
2, 19, 13, 7
2, 20, 21, 12
2, 21, 68, 24
2, 22, 52, 23
2, 23, 51, 23
2, 24, 68, 25
2, 25, 65, 22
2, 26, 50, 19
2, 27, 23, 13
2, 28, 34, 18
2, 29, 5, 4
2, 30, 79, 26
2, 31, 21, 12
2, 32, 5, 5
2, 33, 29, 17
2, 34, 24, 11
2, 35, 20, 10
2, 36, 24, 11
2, 37, 66, 27
2, 38, 57, 20
2, 39, 32, 16
2, 40, 11, 8
2, 41, 48, 19
2, 42, 39, 17
2, 43, 16, 8
2, 44, 82, 29
2, 45, 26, 13
2, 46, 73, 26
2, 47, 7, 5
2, 48, 18, 8
2, 49, 5, 5
2, 50, 46, 17
2, 51, 11, 9
2, 52, 19, 9
2, 53, 6, 5
2, 54, 42, 12
2, 55, 69, 25
2, 56, 46, 20
2, 57, 12, 8
2, 58, 49, 18
2, 59, 41, 14
2, 60, 19, 9
2, 61, 46, 20
2, 62, 19, 10
2, 63, 18, 10
2, 64, 56, 24
2, 65, 67, 26
2, 66, 59, 16
2, 67, 8, 6
2, 68, 2, 3
2, 69, 43, 23
2, 70, 13, 7
2, 71, 19, 10
2, 72, 14, 8
2, 73, 10, 6
2, 74, 18, 10
2, 75, 3, 4
2, 76, 14, 8
2, 77, 24, 12
2, 78, 14, 8
2, 79, 12, 9
2, 80, 8, 7
2, 81, 27, 15
2, 82, 1, 2
2, 83, 23, 15
2, 84, 87, 27
2, 85, 55, 17
2, 86, 70, 29
2, 87, 33, 17
2, 88, 45, 14
2, 89, 46, 18
2, 90, 35, 12
2, 91, 19, 9
2, 92, 16, 8
2, 93, 28, 14
2, 94, 30, 13
2, 95, 60, 21
2, 96, 32, 14
2, 97, 1, 2
2, 98, 6, 4
2, 99, 97, 35
2, 100, 155, 35
2, 101, 56, 23
2, 102, 92, 28
2, 103, 41, 18
2, 104, 65, 26
2, 105, 29, 10
2, 106, 18, 11
2, 107, 20, 13
2, 108, 89, 31
2, 109, 45, 18
2, 110, 42, 24
2, 111, 15, 9
2, 112, 10, 8
2, 113, 61, 24
2, 114, 78, 30
2, 115, 23, 12
2, 116, 29, 14
2, 117, 59, 23
2, 118, 21, 13
2, 119, 13, 9
2, 120, 57, 22
2, 121, 83, 34
2, 122, 136, 32
2, 123, 88, 30
2, 124, 34, 20
2, 125, 5, 6
2, 126, 22, 11
2, 127, 82, 29
2, 128, 18, 12
2, 129, 86, 40
2, 130, 17, 9
2, 131, 40, 15
2, 132, 44, 19
2, 133, 13, 7
2, 134, 38, 11
2, 135, 47, 21
2, 136, 28, 13
2, 137, 33, 18
2, 138, 24, 15
2, 139, 26, 12
2, 140, 7, 6
2, 141, 9, 6
2, 142, 59, 20
2, 143, 45, 17
2, 144, 24, 13
2, 145, 19, 8
2, 146, 15, 9
2, 147, 18, 12
2, 148, 24, 13
2, 149, 14, 8
2, 150, 14, 8
2, 151, 0, 1
2, 152, 149, 37
2, 153, 74, 33
2, 154, 9, 6
2, 155, 5, 5
2, 156, 35, 18
2, 157, 75, 24
2, 158, 72, 23
2, 159, 29, 11
2, 160, 26, 16
2, 161, 13, 10
2, 162, 6, 4
2, 163, 5, 5
3, 0, 32, 16
3, 1, 20, 11
3, 2, 30, 14
3, 3, 16, 11
3, 4, 48, 23
3, 5, 43, 22
3, 6, 26, 15
3, 7, 36, 13
3, 8, 25, 16
3, 9, 72, 22
3, 10, 102, 29
3, 11, 31, 14
3, 12, 13, 9
3, 13, 104, 36
3, 14, 74, 28
3, 15, 17, 9
3, 16, 3, 3
3, 17, 5, 5
3, 18, 5, 5
3, 19, 8, 7
3, 20, 27, 15
3, 21, 8, 7
3, 22, 26, 13
3, 23, 75, 33
3, 24, 0, 1
3, 25, 76, 22
3, 26, 11, 8
3, 27, 20, 9
3, 28, 67, 24
3, 29, 52, 23
3, 30, 7, 5
3, 31, 33, 16
3, 32, 12, 8
3, 33, 23, 15
3, 34, 15, 10
3, 35, 95, 33
3, 36, 20, 9
3, 37, 13, 9
3, 38, 40, 14
3, 39, 24, 13
3, 40, 27, 10
3, 41, 8, 7
3, 42, 68, 22
3, 43, 23, 12
3, 44, 37, 18
3, 45, 26, 15
3, 46, 37, 17
3, 47, 8, 6
3, 48, 69, 26
3, 49, 58, 21
3, 50, 44, 18
3, 51, 42, 19
3, 52, 42, 14
3, 53, 18, 10
3, 54, 28, 14
3, 55, 11, 7
3, 56, 35, 17
3, 57, 49, 17
3, 58, 20, 13
3, 59, 46, 20
3, 60, 30, 11
3, 61, 27, 13
3, 62, 27, 13
3, 63, 7, 6
3, 64, 38, 14
3, 65, 32, 15
3, 66, 45, 18
3, 67, 30, 11
3, 68, 61, 23
3, 69, 59, 22
3, 70, 14, 9
3, 71, 5, 5
3, 72, 57, 22
3, 73, 19, 12
3, 74, 31, 11
3, 75, 22, 13
3, 76, 13, 11
3, 77, 5, 5
3, 78, 7, 6
3, 79, 91, 33
3, 80, 11, 7
3, 81, 34, 16
3, 82, 26, 14
3, 83, 15, 10
3, 84, 17, 8
3, 85, 14, 8
3, 86, 20, 10
3, 87, 52, 24
3, 88, 34, 13
3, 89, 47, 20
3, 90, 40, 17
3, 91, 50, 18
3, 92, 32, 15
3, 93, 53, 24
3, 94, 39, 16
3, 95, 59, 23
3, 96, 68, 27
3, 97, 15, 8
3, 98, 12, 8
3, 99, 24, 11
3, 100, 13, 8
3, 101, 42, 21
3, 102, 32, 17
3, 103, 27, 13
3, 104, 9, 6
3, 105, 8, 6
3, 106, 40, 16
3, 107, 3, 4
3, 108, 48, 18
3, 109, 32, 13
3, 110, 12, 8
3, 111, 42, 18
3, 112, 11, 7
3, 113, 24, 13
3, 114, 17, 11
3, 115, 1, 2
3, 116, 29, 15
3, 117, 26, 10
3, 118, 26, 13
3, 119, 29, 15
3, 120, 8, 5
3, 121, 21, 10
3, 122, 24, 16
3, 123, 13, 7
3, 124, 86, 27
3, 125, 56, 21
3, 126, 87, 27
3, 127, 41, 18
3, 128, 16, 11
3, 129, 23, 13
3, 130, 95, 21
3, 131, 62, 24
3, 132, 19, 11
3, 133, 13, 9
3, 134, 9, 7
3, 135, 6, 4
3, 136, 8, 6
3, 137, 8, 7
3, 138, 34, 15
3, 139, 9, 7
4, 0, 9, 7
4, 1, 51, 22
4, 2, 28, 14
4, 3, 37, 16
4, 4, 25, 14
4, 5, 80, 29
4, 6, 63, 30
4, 7, 80, 35
4, 8, 42, 17
4, 9, 37, 18
4, 10, 68, 30
4, 11, 19, 10
4, 12, 38, 17
4, 13, 34, 17
4, 14, 37, 18
4, 15, 29, 18
4, 16, 88, 28
4, 17, 18, 10
4, 18, 76, 27
4, 19, 66, 26
4, 20, 44, 24
4, 21, 45, 18
4, 22, 1, 2
4, 23, 36, 16
4, 24, 21, 7
4, 25, 19, 10
4, 26, 75, 24
4, 27, 20, 10
4, 28, 29, 13
4, 29, 66, 21
4, 30, 9, 6
4, 31, 23, 13
4, 32, 12, 8
4, 33, 34, 16
4, 34, 25, 14
4, 35, 17, 10
4, 36, 69, 30
4, 37, 15, 11
4, 38, 17, 11
4, 39, 15, 10
4, 40, 62, 26
4, 41, 71, 31
4, 42, 103, 33
4, 43, 13, 9
4, 44, 64, 26
4, 45, 18, 8
4, 46, 89, 31
4, 47, 90, 28
4, 48, 57, 21
4, 49, 34, 17
4, 50, 83, 36
4, 51, 20, 13
4, 52, 30, 17
4, 53, 3, 3
4, 54, 11, 8
4, 55, 38, 19
4, 56, 44, 18
4, 57, 10, 8
4, 58, 29, 14
4, 59, 34, 17
4, 60, 93, 37
4, 61, 54, 25
4, 62, 6, 5
4, 63, 29, 15
4, 64, 43, 19
4, 65, 32, 16
4, 66, 12, 9
4, 67, 52, 21
4, 68, 58, 27
4, 69, 60, 18
4, 70, 61, 21
4, 71, 142, 36
4, 72, 39, 17
4, 73, 12, 8
4, 74, 15, 10
4, 75, 23, 11
4, 76, 17, 9
4, 77, 28, 11
4, 78, 37, 14
4, 79, 10, 7
4, 80, 11, 8
4, 81, 14, 8
4, 82, 25, 13
4, 83, 42, 18
4, 84, 124, 36
4, 85, 45, 18
4, 86, 16, 10
4, 87, 45, 16
4, 88, 9, 7
4, 89, 55, 27
4, 90, 45, 17
4, 91, 59, 20
4, 92, 57, 29
4, 93, 10, 7
4, 94, 48, 24
4, 95, 52, 24
4, 96, 57, 23
4, 97, 7, 6
4, 98, 73, 31
4, 99, 57, 24
4, 100, 10, 8
4, 101, 40, 21
5, 0, 27, 14
5, 1, 30, 16
5, 2, 63, 31
5, 3, 21, 11
5, 4, 12, 7
5, 5, 72, 28
5, 6, 33, 19
5, 7, 17, 11
5, 8, 103, 40
5, 9, 19, 11
5, 10, 30, 17
5, 11, 17, 9
5, 12, 21, 15
5, 13, 34, 16
5, 14, 35, 18
5, 15, 18, 12
5, 16, 27, 12
5, 17, 39, 17
5, 18, 23, 12
5, 19, 8, 5
5, 20, 38, 13
5, 21, 58, 23
5, 22, 46, 19
5, 23, 32, 14
5, 24, 41, 19
5, 25, 16, 11
5, 26, 20, 14
5, 27, 43, 17
5, 28, 28, 14
5, 29, 20, 11
5, 30, 10, 8
5, 31, 9, 8
5, 32, 2, 3
5, 33, 26, 12
5, 34, 41, 19
5, 35, 22, 12
5, 36, 16, 10
5, 37, 37, 18
5, 38, 47, 20
5, 39, 34, 22
5, 40, 22, 13
5, 41, 29, 14
5, 42, 3, 3
5, 43, 18, 9
5, 44, 6, 6
6, 0, 81, 36
6, 1, 51, 22
6, 2, 29, 15
6, 3, 53, 23
6, 4, 45, 20
6, 5, 10, 8
6, 6, 42, 15
6, 7, 0, 1
6, 8, 46, 25
6, 9, 74, 25
6, 10, 9, 7
6, 11, 16, 10
6, 12, 40, 13
6, 13, 22, 12
6, 14, 12, 7
6, 15, 6, 4
6, 16, 0, 1
6, 17, 26, 15
6, 18, 20, 10
6, 19, 15, 6
6, 20, 2, 3
6, 21, 20, 8
6, 22, 4, 4
6, 23, 19, 7
6, 24, 15, 7
6, 25, 114, 39
6, 26, 49, 24
6, 27, 19, 12
6, 28, 32, 17
6, 29, 82, 37
6, 30, 110, 36
6, 31, 18, 10
6, 32, 5, 5
6, 33, 19, 11
6, 34, 23, 13
6, 35, 3, 3
6, 36, 7, 5
6, 37, 24, 15
6, 38, 11, 6
6, 39, 5, 5
6, 40, 0, 1
6, 41, 0, 1
6, 42, 58, 15
6, 43, 9, 6
6, 44, 3, 4
6, 45, 4, 4
6, 46, 31, 16
6, 47, 28, 14
6, 48, 31, 17
6, 49, 14, 8
6, 50, 4, 4
6, 51, 37, 19
6, 52, 54, 21
6, 53, 15, 9
6, 54, 26, 12
6, 55, 43, 20
6, 56, 6, 5
6, 57, 14, 9
6, 58, 7, 6
6, 59, 8, 6
6, 60, 11, 7
6, 61, 14, 9
6, 62, 9, 6
6, 63, 85, 21
6, 64, 12, 6
6, 65, 29, 15
6, 66, 49, 18
6, 67, 37, 16
6, 68, 109, 31
6, 69, 34, 15
6, 70, 24, 11
6, 71, 56, 18
6, 72, 27, 13
6, 73, 8, 5
7, 0, 38, 17
7, 1, 11, 8
7, 2, 94, 34
7, 3, 20, 10
7, 4, 78, 27
7, 5, 19, 9
7, 6, 7, 6
7, 7, 111, 37
7, 8, 23, 13
7, 9, 16, 9
7, 10, 39, 16
7, 11, 25, 13
7, 12, 28, 15
7, 13, 34, 14
7, 14, 59, 25
7, 15, 15, 9
7, 16, 14, 8
7, 17, 8, 6
7, 18, 59, 21
7, 19, 11, 7
7, 20, 119, 39
7, 21, 77, 32
7, 22, 37, 19
7, 23, 13, 7
7, 24, 30, 13
7, 25, 24, 14
7, 26, 69, 25
7, 27, 25, 11
7, 28, 15, 9
7, 29, 35, 15
7, 30, 13, 10
7, 31, 48, 23
7, 32, 114, 27
7, 33, 22, 13
7, 34, 20, 12
7, 35, 38, 12
7, 36, 53, 23
7, 37, 73, 24
7, 38, 50, 21
7, 39, 20, 10
7, 40, 12, 8
7, 41, 111, 33
7, 42, 34, 15
7, 43, 23, 10
7, 44, 45, 23
7, 45, 38, 16
7, 46, 23, 12
7, 47, 19, 9
7, 48, 37, 19
7, 49, 115, 38
7, 50, 37, 19
7, 51, 63, 19
7, 52, 56, 24
7, 53, 23, 10
7, 54, 110, 37
7, 55, 69, 27
7, 56, 1, 2
7, 57, 72, 24
7, 58, 109, 38
7, 59, 54, 17
7, 60, 27, 12
7, 61, 23, 12
7, 62, 34, 16
7, 63, 6, 4
7, 64, 32, 15
7, 65, 21, 10
7, 66, 59, 21
7, 67, 86, 27
7, 68, 54, 20
7, 69, 61, 26
7, 70, 55, 24
7, 71, 65, 29
7, 72, 69, 29
7, 73, 28, 15
7, 74, 84, 34
7, 75, 2, 3
7, 76, 41, 19
7, 77, 26, 11
7, 78, 10, 8
7, 79, 45, 18
7, 80, 37, 19
7, 81, 119, 35
7, 82, 112, 37
7, 83, 62, 24
7, 84, 35, 18
7, 85, 46, 14
7, 86, 76, 26
7, 87, 16, 8
7, 88, 19, 10
7, 89, 16, 10
7, 90, 49, 21
7, 91, 17, 10
7, 92, 20, 11
7, 93, 13, 9
7, 94, 51, 19
7, 95, 17, 9
7, 96, 17, 11
7, 97, 33, 13
7, 98, 10, 7
7, 99, 61, 23
7, 100, 68, 26
7, 101, 28, 17
7, 102, 20, 11
7, 103, 18, 11
7, 104, 40, 15
7, 105, 67, 21
7, 106, 86, 25
7, 107, 33, 19
7, 108, 25, 11
7, 109, 5, 5
7, 110, 12, 7
8, 0, 52, 25
8, 1, 25, 11
8, 2, 24, 14
8, 3, 87, 29
8, 4, 60, 18
8, 5, 72, 26
8, 6, 6, 5
8, 7, 22, 12
8, 8, 7, 5
8, 9, 24, 13
8, 10, 13, 7
8, 11, 53, 27
8, 12, 3, 3
8, 13, 7, 6
8, 14, 12, 8
8, 15, 28, 13
8, 16, 98, 40
8, 17, 9, 6
8, 18, 16, 10
8, 19, 24, 11
8, 20, 26, 14
8, 21, 14, 8
8, 22, 27, 14
8, 23, 60, 19
8, 24, 19, 11
8, 25, 10, 5
8, 26, 3, 4
8, 27, 3, 3
8, 28, 24, 12
8, 29, 31, 15
8, 30, 15, 7
8, 31, 52, 20
8, 32, 27, 12
8, 33, 12, 7
8, 34, 6, 5
8, 35, 7, 5
8, 36, 6, 6
8, 37, 8, 5
8, 38, 8, 7
8, 39, 13, 8
8, 40, 17, 8
8, 41, 37, 14
8, 42, 20, 10
8, 43, 7, 5
8, 44, 28, 10
8, 45, 18, 11
8, 46, 14, 9
8, 47, 18, 11
8, 48, 14, 9
8, 49, 4, 5
8, 50, 1, 2
8, 51, 38, 13
8, 52, 15, 10
8, 53, 6, 5
8, 54, 32, 15
8, 55, 16, 10
8, 56, 34, 12
8, 57, 28, 16
8, 58, 13, 9
8, 59, 29, 14
8, 60, 79, 28
8, 61, 44, 17
8, 62, 14, 8
8, 63, 9, 6
8, 64, 25, 14
8, 65, 56, 23
8, 66, 8, 5
8, 67, 3, 3
8, 68, 13, 8
8, 69, 14, 8
8, 70, 37, 16
8, 71, 28, 11
8, 72, 5, 5
8, 73, 59, 18
8, 74, 12, 7
8, 75, 25, 15
8, 76, 19, 10
8, 77, 22, 10
8, 78, 69, 26
8, 79, 14, 9
8, 80, 18, 12
8, 81, 26, 16
8, 82, 32, 16
8, 83, 19, 10
8, 84, 26, 15
8, 85, 31, 15
8, 86, 32, 14
8, 87, 55, 23
8, 88, 56, 15
8, 89, 85, 32
8, 90, 13, 8
8, 91, 39, 16
8, 92, 53, 23
8, 93, 19, 10
8, 94, 92, 28
8, 95, 35, 16
8, 96, 16, 11
8, 97, 48, 24
8, 98, 58, 24
8, 99, 11, 8
8, 100, 23, 13
8, 101, 11, 8
8, 102, 21, 11
8, 103, 28, 14
8, 104, 73, 32
8, 105, 25, 15
8, 106, 24, 13
8, 107, 12, 8
8, 108, 44, 16
8, 109, 12, 8
8, 110, 73, 22
8, 111, 10, 7
8, 112, 113, 32
8, 113, 52, 20
8, 114, 13, 7
8, 115, 11, 8
8, 116, 41, 17
8, 117, 28, 13
8, 118, 36, 18
8, 119, 50, 23
8, 120, 27, 14
8, 121, 20, 12
8, 122, 48, 22
8, 123, 11, 8
8, 124, 50, 21
8, 125, 19, 13
8, 126, 33, 18
8, 127, 36, 17
8, 128, 1, 2
8, 129, 16, 8
8, 130, 38, 15
8, 131, 4, 4
8, 132, 46, 19
8, 133, 80, 28
9, 0, 1, 2
9, 1, 89, 28
9, 2, 111, 29
9, 3, 95, 32
9, 4, 26, 12
9, 5, 15, 7
9, 6, 14, 8
9, 7, 20, 10
9, 8, 10, 7
9, 9, 17, 12
9, 10, 64, 28
9, 11, 10, 8
9, 12, 102, 31
9, 13, 2, 3
9, 14, 13, 7
9, 15, 71, 26
9, 16, 129, 32
9, 17, 8, 6
9, 18, 58, 25
9, 19, 30, 18
9, 20, 40, 17
9, 21, 59, 19
9, 22, 35, 16
9, 23, 24, 11
9, 24, 3, 3
9, 25, 96, 34
9, 26, 11, 8
9, 27, 42, 18
9, 28, 19, 10
9, 29, 30, 15
9, 30, 88, 25
9, 31, 136, 34
9, 32, 16, 9
9, 33, 25, 12
9, 34, 24, 10
9, 35, 12, 7
9, 36, 65, 21
9, 37, 75, 30
9, 38, 19, 10
9, 39, 52, 20
9, 40, 39, 18
9, 41, 101, 39
9, 42, 45, 20
9, 43, 16, 9
9, 44, 24, 10
9, 45, 29, 11
9, 46, 47, 25
9, 47, 46, 20
9, 48, 43, 18
9, 49, 33, 16
9, 50, 74, 24
9, 51, 22, 12
9, 52, 31, 13
9, 53, 46, 16
9, 54, 42, 15
9, 55, 25, 11
9, 56, 63, 26
9, 57, 62, 22
9, 58, 54, 21
9, 59, 27, 15
9, 60, 8, 6
9, 61, 65, 33
9, 62, 21, 11
9, 63, 32, 17
9, 64, 67, 19
9, 65, 10, 6
9, 66, 46, 17
9, 67, 10, 5
9, 68, 6, 4
9, 69, 112, 29
9, 70, 60, 27
9, 71, 22, 12
9, 72, 18, 8
9, 73, 31, 15
9, 74, 1, 2
9, 75, 17, 12
9, 76, 19, 11
9, 77, 62, 24
9, 78, 18, 11
9, 79, 69, 25
9, 80, 26, 12
9, 81, 8, 6
9, 82, 9, 6
9, 83, 18, 10
9, 84, 64, 33
9, 85, 21, 10
9, 86, 27, 12
9, 87, 77, 23
9, 88, 19, 11
9, 89, 43, 15
9, 90, 19, 9
9, 91, 77, 29
9, 92, 10, 9
9, 93, 16, 10
9, 94, 30, 14
9, 95, 10, 6
9, 96, 48, 25
9, 97, 14, 9
9, 98, 90, 28
9, 99, 99, 31
9, 100, 33, 15
9, 101, 41, 18
9, 102, 61, 18
9, 103, 14, 11
9, 104, 45, 19
9, 105, 22, 13
9, 106, 9, 7
9, 107, 33, 18
9, 108, 16, 10
9, 109, 23, 9
9, 110, 109, 34
9, 111, 17, 12
9, 112, 38, 19
9, 113, 68, 23
9, 114, 64, 20
9, 115, 14, 9
9, 116, 9, 7
9, 117, 20, 11
9, 118, 14, 8
9, 119, 55, 18
9, 120, 58, 21
9, 121, 35, 16
9, 122, 12, 9
9, 123, 31, 17
9, 124, 49, 22
9, 125, 29, 9
9, 126, 38, 16
9, 127, 24, 13
9, 128, 28, 15
9, 129, 21, 12
9, 130, 32, 15
9, 131, 67, 25
9, 132, 30, 15
9, 133, 47, 18
9, 134, 21, 12
9, 135, 32, 11
9, 136, 14, 9
9, 137, 29, 15
9, 138, 26, 14
9, 139, 14, 8
9, 140, 41, 16
9, 141, 6, 5
9, 142, 36, 17
9, 143, 22, 12
9, 144, 15, 9
9, 145, 28, 16
9, 146, 42, 17
9, 147, 60, 27
9, 148, 69, 29
9, 149, 29, 13
9, 150, 9, 6
9, 151, 23, 10
9, 152, 25, 11
9, 153, 42, 19
9, 154, 84, 27
9, 155, 45, 20
9, 156, 59, 26
9, 157, 19, 12
9, 158, 20, 11
9, 159, 25, 13
9, 160, 35, 11
9, 161, 9, 6
9, 162, 18, 11
9, 163, 40, 18
9, 164, 6, 5
9, 165, 43, 15
9, 166, 30, 16
9, 167, 53, 21
9, 168, 18, 10
9, 169, 28, 14
9, 170, 40, 17
9, 171, 26, 10
9, 172, 22, 8
9, 173, 49, 23
9, 174, 39, 19
10, 0, 1, 2
10, 1, 35, 15
10, 2, 21, 10
10, 3, 59, 20
10, 4, 6, 4
10, 5, 10, 8
10, 6, 124, 31
10, 7, 4, 4
10, 8, 33, 17
10, 9, 42, 18
10, 10, 32, 16
10, 11, 39, 14
10, 12, 14, 9
10, 13, 24, 12
10, 14, 43, 22
10, 15, 25, 13
10, 16, 60, 21
10, 17, 44, 20
10, 18, 31, 18
10, 19, 27, 14
10, 20, 21, 7
10, 21, 84, 31
10, 22, 22, 13
10, 23, 25, 15
10, 24, 32, 15
10, 25, 31, 16
10, 26, 30, 15
10, 27, 150, 36
10, 28, 28, 11
10, 29, 14, 9
10, 30, 19, 8
10, 31, 60, 24
10, 32, 24, 12
10, 33, 11, 7
10, 34, 41, 16
10, 35, 4, 5
10, 36, 34, 12
10, 37, 23, 14
10, 38, 10, 7
10, 39, 50, 22
10, 40, 19, 10
10, 41, 37, 13
10, 42, 6, 5
10, 43, 48, 22
10, 44, 17, 9
10, 45, 52, 21
10, 46, 12, 7
10, 47, 65, 26
10, 48, 17, 11
10, 49, 25, 14
10, 50, 58, 21
10, 51, 29, 12
10, 52, 20, 10
10, 53, 13, 9
10, 54, 25, 10
10, 55, 17, 10
10, 56, 45, 24
10, 57, 8, 5
10, 58, 52, 17
10, 59, 12, 8
10, 60, 3, 3
10, 61, 33, 15
10, 62, 20, 12
10, 63, 32, 16
10, 64, 15, 10
10, 65, 30, 11
10, 66, 62, 24
10, 67, 28, 14
10, 68, 16, 8
10, 69, 6, 5
10, 70, 49, 18
10, 71, 20, 10
10, 72, 17, 11
10, 73, 11, 9
10, 74, 15, 9
10, 75, 25, 14
10, 76, 36, 18
10, 77, 65, 24
10, 78, 4, 4
10, 79, 62, 22
10, 80, 21, 10
10, 81, 18, 10
10, 82, 36, 19
10, 83, 56, 24
10, 84, 26, 14
10, 85, 89, 33
10, 86, 144, 30
10, 87, 37, 16
10, 88, 9, 7
10, 89, 41, 21
10, 90, 34, 16
10, 91, 62, 27
10, 92, 18, 8
10, 93, 57, 24
10, 94, 8, 7
10, 95, 38, 17
10, 96, 34, 14
10, 97, 19, 11
10, 98, 13, 9
10, 99, 23, 12
10, 100, 100, 34
10, 101, 44, 21
10, 102, 6, 5
10, 103, 44, 15
10, 104, 114, 30
10, 105, 31, 13
10, 106, 11, 6
10, 107, 4, 4
10, 108, 33, 13
10, 109, 9, 6
10, 110, 73, 22
10, 111, 37, 22
10, 112, 38, 17
10, 113, 7, 5
10, 114, 38, 18
10, 115, 15, 9
10, 116, 9, 7
10, 117, 50, 18
10, 118, 37, 14
10, 119, 30, 16
10, 120, 24, 13
10, 121, 18, 11
10, 122, 42, 19
10, 123, 50, 28
10, 124, 53, 23
10, 125, 156, 30
10, 126, 30, 15
10, 127, 30, 13
10, 128, 10, 7
10, 129, 42, 13
10, 130, 45, 21
10, 131, 40, 16
10, 132, 51, 22
10, 133, 21, 11
10, 134, 14, 7
10, 135, 28, 16
10, 136, 26, 13
10, 137, 13, 10
10, 138, 23, 13
10, 139, 62, 22
10, 140, 9, 7
10, 141, 6, 4
10, 142, 52, 15
10, 143, 25, 9
10, 144, 89, 27
10, 145, 8, 7
10, 146, 15, 9
10, 147, 28, 14
10, 148, 15, 11
10, 149, 29, 10
10, 150, 38, 20
10, 151, 10, 7
10, 152, 42, 22
10, 153, 46, 14
10, 154, 9, 6
10, 155, 66, 21
10, 156, 29, 11
10, 157, 41, 17
10, 158, 16, 11
10, 159, 22, 11
10, 160, 17, 10
10, 161, 13, 9
10, 162, 34, 17
10, 163, 10, 7
10, 164, 67, 24
10, 165, 15, 10
10, 166, 8, 6
10, 167, 5, 5
10, 168, 1, 2
10, 169, 27, 14
10, 170, 3, 3
10, 171, 29, 11
11, 0, 47, 22
11, 1, 40, 18
11, 2, 9, 5
11, 3, 52, 25
11, 4, 31, 14
11, 5, 26, 13
11, 6, 29, 14
11, 7, 16, 10
11, 8, 29, 13
11, 9, 33, 15
11, 10, 153, 40
11, 11, 100, 28
11, 12, 25, 13
11, 13, 29, 11
11, 14, 72, 24
11, 15, 15, 8
11, 16, 44, 20
11, 17, 86, 29
11, 18, 26, 13
11, 19, 38, 18
11, 20, 30, 15
11, 21, 32, 16
11, 22, 72, 24
11, 23, 41, 14
11, 24, 16, 10
11, 25, 47, 17
11, 26, 21, 10
11, 27, 4, 4
11, 28, 26, 13
11, 29, 12, 9
11, 30, 18, 10
11, 31, 152, 38
11, 32, 70, 25
11, 33, 62, 24
11, 34, 1, 2
11, 35, 3, 3
11, 36, 87, 30
11, 37, 3, 3
11, 38, 34, 16
11, 39, 87, 36
11, 40, 77, 30
11, 41, 78, 28
11, 42, 20, 11
11, 43, 49, 23
11, 44, 33, 15
11, 45, 16, 9
11, 46, 8, 6
11, 47, 58, 26
11, 48, 37, 17
11, 49, 25, 12
11, 50, 46, 20
11, 51, 40, 14
11, 52, 23, 13
11, 53, 58, 18
11, 54, 15, 9
11, 55, 18, 10
11, 56, 36, 14
11, 57, 31, 19
11, 58, 23, 12
11, 59, 95, 37
11, 60, 83, 30
11, 61, 68, 25
11, 62, 6, 4
11, 63, 42, 17
11, 64, 45, 20
11, 65, 44, 15
11, 66, 41, 17
11, 67, 9, 6
11, 68, 32, 15
11, 69, 23, 13
11, 70, 10, 7
11, 71, 23, 10
11, 72, 34, 16
11, 73, 27, 11
11, 74, 4, 4
11, 75, 11, 9
11, 76, 16, 9
11, 77, 15, 7
11, 78, 38, 18
11, 79, 6, 4
11, 80, 95, 34
11, 81, 38, 19
11, 82, 33, 18
11, 83, 27, 16
11, 84, 53, 22
11, 85, 75, 32
11, 86, 31, 15
11, 87, 51, 21
11, 88, 15, 10
11, 89, 159, 37
11, 90, 49, 22
11, 91, 6, 4
11, 92, 18, 10
11, 93, 21, 9
11, 94, 21, 12
11, 95, 29, 13
11, 96, 39, 19
11, 97, 9, 6
11, 98, 46, 17
11, 99, 47, 17
11, 100, 105, 31
11, 101, 96, 32
11, 102, 34, 16
11, 103, 32, 16
11, 104, 94, 27
11, 105, 29, 14
11, 106, 24, 13
11, 107, 14, 7
11, 108, 19, 10
11, 109, 51, 23
11, 110, 37, 13
11, 111, 81, 31
11, 112, 6, 5
11, 113, 91, 38
11, 114, 36, 18
11, 115, 7, 5
11, 116, 73, 28
11, 117, 64, 30
11, 118, 9, 7
11, 119, 114, 32
11, 120, 42, 19
11, 121, 48, 20
11, 122, 17, 11
11, 123, 69, 29
11, 124, 15, 9
11, 125, 31, 18
11, 126, 23, 12
11, 127, 27, 10
11, 128, 93, 29
11, 129, 19, 11
11, 130, 12, 8
11, 131, 18, 10
11, 132, 20, 11
11, 133, 80, 32
11, 134, 32, 15
11, 135, 131, 37
11, 136, 141, 39
11, 137, 17, 10
11, 138, 50, 21
11, 139, 4, 4
11, 140, 108, 39
11, 141, 83, 37
11, 142, 14, 7
11, 143, 37, 18
11, 144, 14, 8
11, 145, 78, 24
11, 146, 34, 16
11, 147, 60, 18
11, 148, 65, 28
11, 149, 102, 28
11, 150, 47, 18
11, 151, 45, 14
11, 152, 115, 27
11, 153, 33, 15
11, 154, 91, 34
11, 155, 64, 21
11, 156, 11, 7
11, 157, 28, 12
11, 158, 7, 6
11, 159, 21, 11
11, 160, 72, 21
11, 161, 26, 12
11, 162, 41, 17
11, 163, 46, 22
11, 164, 11, 8
11, 165, 11, 8
11, 166, 100, 39
11, 167, 45, 19
11, 168, 11, 7
11, 169, 19, 11
11, 170, 119, 38
11, 171, 8, 5
11, 172, 19, 10
11, 173, 138, 40
11, 174, 72, 24
11, 175, 36, 17
11, 176, 56, 22
11, 177, 0, 1
12, 0, 37, 14
12, 1, 48, 21
12, 2, 34, 13
12, 3, 17, 10
12, 4, 7, 5
12, 5, 17, 9
12, 6, 9, 8
12, 7, 49, 24
12, 8, 57, 19
12, 9, 26, 14
12, 10, 13, 7
12, 11, 15, 11
12, 12, 13, 8
12, 13, 12, 8
12, 14, 26, 14
12, 15, 19, 13
12, 16, 36, 19
12, 17, 15, 9
12, 18, 13, 9
12, 19, 1, 2
12, 20, 20, 11
12, 21, 7, 6
12, 22, 48, 23
12, 23, 82, 24
12, 24, 39, 16
12, 25, 49, 21
12, 26, 31, 12
12, 27, 119, 28
12, 28, 16, 8
12, 29, 95, 37
12, 30, 20, 10
12, 31, 11, 7
12, 32, 66, 29
12, 33, 146, 39
12, 34, 29, 16
12, 35, 55, 26
12, 36, 4, 4
12, 37, 51, 24
12, 38, 43, 18
12, 39, 71, 28
12, 40, 54, 26
12, 41, 1, 2
12, 42, 50, 22
12, 43, 79, 30
12, 44, 51, 22
12, 45, 67, 24
12, 46, 46, 19
13, 0, 18, 11
13, 1, 53, 26
13, 2, 33, 19
13, 3, 29, 14
13, 4, 8, 7
13, 5, 18, 11
13, 6, 29, 14
13, 7, 9, 6
13, 8, 58, 20
13, 9, 19, 11
13, 10, 18, 10
13, 11, 9, 7
13, 12, 82, 26
13, 13, 32, 19
13, 14, 14, 9
13, 15, 15, 9
13, 16, 49, 17
13, 17, 93, 30
13, 18, 6, 5
13, 19, 55, 20
13, 20, 99, 35
13, 21, 18, 11
13, 22, 48, 19
13, 23, 24, 10
13, 24, 6, 6
13, 25, 45, 21
13, 26, 27, 14
13, 27, 12, 8
13, 28, 20, 12
13, 29, 29, 12
13, 30, 7, 5
13, 31, 82, 33
13, 32, 4, 4
13, 33, 10, 7
13, 34, 11, 7
13, 35, 17, 10
13, 36, 24, 13
13, 37, 13, 8
13, 38, 40, 18
13, 39, 27, 13
13, 40, 26, 12
13, 41, 5, 4
13, 42, 14, 10
13, 43, 26, 10
13, 44, 4, 4
13, 45, 20, 11
13, 46, 13, 9
13, 47, 19, 10
13, 48, 21, 12
13, 49, 14, 9
13, 50, 34, 18
13, 51, 24, 14
13, 52, 24, 14
13, 53, 17, 11
13, 54, 21, 13
13, 55, 18, 12
13, 56, 29, 14
13, 57, 3, 3
13, 58, 18, 9
13, 59, 6, 6
14, 0, 38, 18
14, 1, 8, 6
14, 2, 40, 19
14, 3, 7, 6
14, 4, 26, 11
14, 5, 27, 16
14, 6, 28, 12
14, 7, 60, 22
14, 8, 6, 5
14, 9, 14, 10
14, 10, 27, 13
14, 11, 69, 29
14, 12, 10, 7
14, 13, 21, 11
14, 14, 24, 15
14, 15, 22, 12
14, 16, 41, 18
14, 17, 14, 8
14, 18, 23, 14
14, 19, 15, 7
14, 20, 8, 6
14, 21, 71, 28
14, 22, 15, 9
14, 23, 25, 10
14, 24, 19, 10
14, 25, 8, 7
14, 26, 59, 28
14, 27, 43, 21
14, 28, 35, 16
14, 29, 8, 6
14, 30, 44, 21
14, 31, 37, 16
14, 32, 16, 8
14, 33, 23, 13
14, 34, 62, 22
14, 35, 57, 26
14, 36, 36, 14
14, 37, 18, 11
14, 38, 5, 5
14, 39, 15, 11
14, 40, 41, 17
14, 41, 5, 4
14, 42, 42, 20
14, 43, 28, 15
14, 44, 16, 9
14, 45, 17, 11
14, 46, 7, 6
14, 47, 6, 4
14, 48, 17, 10
14, 49, 25, 13
14, 50, 9, 5
14, 51, 31, 17
14, 52, 17, 10
14, 53, 21, 11
14, 54, 84, 23
14, 55, 40, 19
14, 56, 54, 25
14, 57, 16, 8
14, 58, 34, 17
14, 59, 74, 28
14, 60, 34, 19
14, 61, 46, 18
14, 62, 28, 16
14, 63, 16, 10
14, 64, 23, 12
15, 0, 78, 28
15, 1, 73, 30
15, 2, 8, 7
15, 3, 31, 18
15, 4, 9, 6
15, 5, 12, 7
15, 6, 28, 15
15, 7, 24, 11
15, 8, 80, 26
15, 9, 44, 20
15, 10, 36, 14
15, 11, 38, 17
15, 12, 18, 9
15, 13, 15, 10
15, 14, 47, 16
15, 15, 50, 19
15, 16, 37, 16
15, 17, 64, 25
15, 18, 28, 15
15, 19, 21, 11
15, 20, 14, 10
15, 21, 9, 7
15, 22, 21, 11
15, 23, 43, 16
15, 24, 31, 15
15, 25, 23, 13
15, 26, 25, 15
15, 27, 32, 18
15, 28, 111, 35
15, 29, 110, 27
15, 30, 26, 14
15, 31, 39, 17
15, 32, 18, 11
15, 33, 21, 11
15, 34, 17, 10
15, 35, 41, 21
15, 36, 46, 19
15, 37, 16, 8
15, 38, 84, 29
15, 39, 33, 16
15, 40, 14, 9
15, 41, 31, 16
15, 42, 7, 5
15, 43, 21, 9
15, 44, 5, 4
15, 45, 26, 14
15, 46, 14, 10
15, 47, 41, 19
15, 48, 43, 18
15, 49, 11, 8
15, 50, 36, 14
15, 51, 28, 14
15, 52, 12, 6
15, 53, 51, 25
15, 54, 42, 16
15, 55, 32, 18
15, 56, 30, 17
15, 57, 45, 19
15, 58, 14, 10
15, 59, 3, 4
15, 60, 16, 10
15, 61, 30, 14
15, 62, 25, 13
15, 63, 13, 9
15, 64, 17, 10
15, 65, 8, 5
15, 66, 6, 5
15, 67, 5, 5
15, 68, 32, 16
15, 69, 46, 20
15, 70, 19, 12
15, 71, 19, 12
15, 72, 27, 14
15, 73, 38, 16
15, 74, 29, 13
15, 75, 20, 11
15, 76, 7, 6
15, 77, 18, 10
15, 78, 15, 10
15, 79, 83, 31
15, 80, 4, 4
15, 81, 48, 16
15, 82, 22, 12
15, 83, 39, 19
15, 84, 30, 13
15, 85, 29, 16
15, 86, 25, 12
16, 0, 38, 22
16, 1, 37, 17
16, 2, 5, 5
16, 3, 6, 6
16, 4, 73, 18
16, 5, 37, 19
16, 6, 105, 33
16, 7, 62, 22
16, 8, 4, 4
16, 9, 19, 10
16, 10, 30, 14
16, 11, 8, 7
16, 12, 13, 8
16, 13, 10, 6
16, 14, 21, 12
16, 15, 161, 29
16, 16, 9, 7
16, 17, 9, 6
16, 18, 32, 16
16, 19, 39, 14
16, 20, 48, 21
16, 21, 114, 39
16, 22, 48, 23
16, 23, 21, 15
16, 24, 94, 30
16, 25, 21, 11
16, 26, 18, 10
17, 0, 0, 1
17, 1, 41, 17
17, 2, 47, 22
17, 3, 12, 7
17, 4, 82, 31
17, 5, 61, 27
17, 6, 49, 21
17, 7, 22, 14
17, 8, 11, 6
17, 9, 15, 9
17, 10, 69, 24
17, 11, 30, 9
17, 12, 37, 18
17, 13, 14, 10
17, 14, 25, 14
17, 15, 24, 14
17, 16, 21, 9
17, 17, 13, 9
17, 18, 39, 15
17, 19, 11, 7
17, 20, 13, 8
17, 21, 24, 12
17, 22, 10, 6
17, 23, 27, 16
17, 24, 23, 12
17, 25, 110, 36
17, 26, 38, 17
17, 27, 21, 13
17, 28, 33, 14
17, 29, 11, 9
17, 30, 24, 11
17, 31, 34, 19
17, 32, 116, 34
17, 33, 55, 21
17, 34, 84, 35
17, 35, 14, 9
17, 36, 9, 7
17, 37, 43, 13
17, 38, 12, 9
17, 39, 130, 39
17, 40, 9, 5
17, 41, 1, 2
17, 42, 60, 20
17, 43, 5, 5
17, 44, 7, 5
17, 45, 4, 4
17, 46, 26, 13
17, 47, 19, 9
17, 48, 33, 14
17, 49, 31, 14
17, 50, 69, 29
17, 51, 8, 5
17, 52, 34, 15
17, 53, 36, 16
17, 54, 41, 23
17, 55, 70, 24
17, 56, 17, 11
17, 57, 53, 23
17, 58, 9, 7
17, 59, 10, 7
17, 60, 11, 8
17, 61, 46, 16
17, 62, 19, 11
17, 63, 33, 20
17, 64, 9, 7
17, 65, 16, 11
17, 66, 23, 12
17, 67, 9, 8
17, 68, 17, 10
17, 69, 21, 10
17, 70, 3, 3
17, 71, 46, 21
17, 72, 9, 8
17, 73, 40, 22
17, 74, 23, 14
17, 75, 34, 15
17, 76, 15, 9
17, 77, 5, 5
17, 78, 13, 9
17, 79, 42, 20
17, 80, 40, 16
17, 81, 14, 7
17, 82, 14, 9
17, 83, 24, 14
17, 84, 20, 11
17, 85, 28, 14
17, 86, 27, 12
17, 87, 14, 9
17, 88, 44, 21
17, 89, 49, 20
17, 90, 9, 6
17, 91, 7, 6
17, 92, 43, 23
17, 93, 13, 8
17, 94, 15, 10
17, 95, 9, 6
17, 96, 56, 19
17, 97, 24, 12
17, 98, 93, 32
17, 99, 19, 12
17, 100, 45, 15
17, 101, 84, 24
17, 102, 32, 15
17, 103, 10, 7
17, 104, 26, 14
17, 105, 7, 5
17, 106, 14, 10
17, 107, 23, 14
17, 108, 23, 8
17, 109, 55, 20
17, 110, 8, 6
17, 111, 31, 18
17, 112, 8, 6
18, 0, 22, 12
18, 1, 23, 12
18, 2, 42, 16
18, 3, 83, 34
18, 4, 23, 15
18, 5, 72, 27
18, 6, 20, 12
18, 7, 50, 19
18, 8, 105, 40
18, 9, 26, 14
18, 10, 16, 9
18, 11, 15, 8
18, 12, 22, 15
18, 13, 28, 15
18, 14, 17, 9
18, 15, 25, 14
18, 16, 31, 17
18, 17, 13, 8
18, 18, 30, 15
18, 19, 59, 21
18, 20, 19, 10
18, 21, 40, 17
18, 22, 29, 13
18, 23, 7, 6
18, 24, 39, 19
18, 25, 4, 4
18, 26, 35, 15
18, 27, 16, 10
18, 28, 68, 26
19, 0, 38, 16
19, 1, 21, 13
19, 2, 133, 37
19, 3, 21, 12
19, 4, 26, 14
19, 5, 66, 23
19, 6, 67, 27
19, 7, 84, 33
19, 8, 64, 19
19, 9, 3, 3
19, 10, 39, 16
19, 11, 108, 32
19, 12, 78, 26
19, 13, 69, 28
19, 14, 44, 17
19, 15, 39, 18
19, 16, 16, 9
19, 17, 26, 13
19, 18, 31, 13
19, 19, 19, 11
19, 20, 40, 18
19, 21, 47, 23
19, 22, 39, 19
19, 23, 42, 18
19, 24, 32, 14
19, 25, 53, 20
19, 26, 83, 36
19, 27, 37, 20
19, 28, 15, 9
19, 29, 9, 6
19, 30, 78, 23
19, 31, 3, 3
19, 32, 14, 9
19, 33, 1, 2
19, 34, 16, 11
19, 35, 30, 11
19, 36, 44, 16
19, 37, 120, 38
19, 38, 21, 13
19, 39, 17, 9
19, 40, 16, 8
19, 41, 61, 24
19, 42, 44, 18
19, 43, 34, 15
19, 44, 27, 11
19, 45, 54, 22
19, 46, 20, 12
19, 47, 67, 24
19, 48, 22, 14
19, 49, 22, 10
19, 50, 6, 5
19, 51, 140, 31
19, 52, 13, 10
19, 53, 6, 4
19, 54, 5, 5
20, 0, 2, 3
20, 1, 56, 20
20, 2, 16, 8
20, 3, 6, 4
20, 4, 38, 14
20, 5, 46, 21
20, 6, 4, 4
20, 7, 20, 9
20, 8, 9, 7
20, 9, 23, 12
20, 10, 9, 6
20, 11, 17, 10
20, 12, 6, 4
20, 13, 16, 9
20, 14, 13, 9
20, 15, 2, 3
20, 16, 12, 8
20, 17, 22, 11
20, 18, 12, 7
20, 19, 37, 18
20, 20, 12, 9
20, 21, 37, 13
20, 22, 18, 12
20, 23, 22, 14
20, 24, 0, 1
20, 25, 6, 5
20, 26, 69, 29
20, 27, 12, 8
20, 28, 11, 7
20, 29, 13, 9
20, 30, 22, 13
20, 31, 25, 11
20, 32, 11, 6
20, 33, 48, 21
20, 34, 25, 12
20, 35, 21, 9
20, 36, 10, 8
20, 37, 20, 12
20, 38, 35, 13
20, 39, 12, 8
20, 40, 39, 19
20, 41, 19, 7
20, 42, 28, 11
20, 43, 6, 6
20, 44, 62, 22
20, 45, 11, 8
21, 0, 25, 13
21, 1, 59, 26
21, 2, 18, 7
21, 3, 28, 18
21, 4, 30, 15
21, 5, 23, 14
21, 6, 1, 2
21, 7, 21, 10
21, 8, 31, 16
21, 9, 104, 37
21, 10, 51, 20
21, 11, 22, 12
21, 12, 65, 23
21, 13, 34, 17
21, 14, 61, 26
21, 15, 18, 11
21, 16, 29, 12
21, 17, 9, 8
21, 18, 23, 11
21, 19, 15, 8
21, 20, 69, 27
21, 21, 47, 22
21, 22, 40, 19
21, 23, 37, 16
21, 24, 7, 7
21, 25, 15, 9
21, 26, 38, 18
21, 27, 50, 21
21, 28, 52, 19
21, 29, 61, 23
21, 30, 17, 10
21, 31, 11, 8
21, 32, 5, 5
22, 0, 43, 17
22, 1, 95, 32
22, 2, 62, 28
22, 3, 35, 16
22, 4, 31, 11
22, 5, 33, 16
22, 6, 30, 13
22, 7, 34, 17
22, 8, 45, 19
22, 9, 31, 16
22, 10, 25, 12
22, 11, 22, 10
22, 12, 76, 28
22, 13, 60, 21
22, 14, 9, 7
22, 15, 11, 7
22, 16, 103, 31
22, 17, 36, 15
22, 18, 33, 14
22, 19, 16, 12
22, 20, 46, 19
22, 21, 37, 15
22, 22, 27, 13
22, 23, 17, 10
22, 24, 34, 15
22, 25, 31, 17
22, 26, 69, 17
22, 27, 65, 22
22, 28, 118, 39
22, 29, 82, 27
22, 30, 76, 22
22, 31, 14, 8
22, 32, 8, 6
22, 33, 18, 9
22, 34, 20, 12
22, 35, 9, 7
22, 36, 28, 12
22, 37, 30, 16
22, 38, 23, 12
22, 39, 59, 25
22, 40, 23, 14
22, 41, 8, 6
22, 42, 61, 19
22, 43, 42, 19
22, 44, 79, 27
22, 45, 25, 14
22, 46, 15, 9
22, 47, 15, 11
22, 48, 31, 12
22, 49, 26, 13
22, 50, 14, 11
22, 51, 14, 10
22, 52, 38, 19
22, 53, 14, 9
22, 54, 6, 5
22, 55, 5, 5
22, 56, 109, 40
22, 57, 116, 29
22, 58, 19, 11
22, 59, 94, 31
22, 60, 44, 19
22, 61, 3, 4
22, 62, 29, 14
22, 63, 23, 13
22, 64, 1, 2
22, 65, 41, 18
22, 66, 12, 6
22, 67, 41, 16
22, 68, 11, 8
22, 69, 67, 24
22, 70, 29, 13
22, 71, 54, 22
22, 72, 22, 15
22, 73, 60, 22
22, 74, 20, 11
22, 75, 15, 11
22, 76, 19, 11
22, 77, 9, 7
22, 78, 28, 11
22, 79, 35, 16
22, 80, 14, 10
22, 81, 59, 22
22, 82, 94, 34
22, 83, 3, 3
22, 84, 9, 8
22, 85, 20, 9
22, 86, 9, 7
22, 87, 10, 8
22, 88, 23, 11
22, 89, 14, 10
22, 90, 12, 8
22, 91, 10, 6
22, 92, 48, 16
22, 93, 32, 12
22, 94, 57, 20
22, 95, 31, 17
22, 96, 11, 8
22, 97, 35, 16
22, 98, 3, 3
22, 99, 29, 13
22, 100, 77, 25
22, 101, 56, 23
22, 102, 41, 19
22, 103, 30, 14
22, 104, 5, 4
22, 105, 20, 11
22, 106, 49, 22
22, 107, 39, 18
22, 108, 58, 24
22, 109, 16, 9
22, 110, 48, 16
22, 111, 21, 13
22, 112, 38, 15
22, 113, 22, 11
22, 114, 10, 7
22, 115, 6, 6
22, 116, 32, 15
22, 117, 13, 8
22, 118, 9, 6
22, 119, 32, 11
22, 120, 38, 19
22, 121, 4, 4
22, 122, 12, 8
22, 123, 20, 11
22, 124, 18, 12
22, 125, 17, 11
22, 126, 24, 12
22, 127, 10, 7
22, 128, 13, 9
22, 129, 2, 3
22, 130, 52, 23
22, 131, 30, 15
22, 132, 129, 40
22, 133, 8, 7
22, 134, 87, 29
22, 135, 40, 22
22, 136, 58, 25
22, 137, 38, 16
22, 138, 38, 18
22, 139, 8, 7
22, 140, 53, 20
22, 141, 16, 10
22, 142, 82, 31
22, 143, 65, 23
22, 144, 68, 29
22, 145, 52, 17
22, 146, 21, 12
22, 147, 25, 11
22, 148, 5, 5
22, 149, 12, 7
22, 150, 48, 23
23, 0, 17, 10
23, 1, 50, 22
23, 2, 23, 10
23, 3, 53, 22
23, 4, 9, 6
23, 5, 33, 17
23, 6, 11, 8
23, 7, 32, 11
23, 8, 73, 24
23, 9, 32, 15
23, 10, 34, 15
23, 11, 18, 12
23, 12, 17, 9
23, 13, 15, 9
23, 14, 55, 22
23, 15, 43, 21
23, 16, 42, 18
23, 17, 38, 15
23, 18, 8, 7
23, 19, 5, 5
23, 20, 27, 16
23, 21, 14, 10
23, 22, 46, 18
23, 23, 34, 14
23, 24, 26, 12
23, 25, 27, 11
23, 26, 39, 19
23, 27, 41, 20
23, 28, 34, 14
23, 29, 13, 10
23, 30, 42, 16
23, 31, 15, 8
23, 32, 31, 13
23, 33, 26, 12
23, 34, 12, 8
24, 0, 22, 13
24, 1, 53, 26
24, 2, 32, 14
24, 3, 32, 17
24, 4, 15, 11
24, 5, 30, 12
24, 6, 17, 10
24, 7, 66, 25
24, 8, 83, 31
24, 9, 24, 14
24, 10, 23, 13
24, 11, 63, 26
24, 12, 44, 16
24, 13, 36, 16
24, 14, 23, 13
24, 15, 6, 5
24, 16, 34, 13
24, 17, 34, 15
24, 18, 24, 17
24, 19, 44, 18
24, 20, 11, 7
24, 21, 43, 18
25, 0, 48, 23
25, 1, 51, 20
25, 2, 9, 8
25, 3, 22, 10
25, 4, 27, 11
25, 5, 48, 22
25, 6, 51, 22
25, 7, 14, 10
25, 8, 30, 18
25, 9, 61, 22
25, 10, 9, 7
25, 11, 43, 17
25, 12, 13, 8
25, 13, 6, 6
25, 14, 17, 9
25, 15, 71, 21
25, 16, 17, 10
25, 17, 49, 15
25, 18, 29, 13
25, 19, 14, 9
25, 20, 28, 16
25, 21, 34, 16
25, 22, 4, 4
25, 23, 6, 6
25, 24, 22, 10
25, 25, 43, 18
25, 26, 28, 13
25, 27, 16, 11
25, 28, 16, 10
25, 29, 25, 14
25, 30, 15, 9
25, 31, 22, 13
25, 32, 29, 14
25, 33, 3, 3
25, 34, 18, 9
26, 0, 15, 11
26, 1, 98, 31
26, 2, 12, 7
26, 3, 19, 11
26, 4, 38, 17
26, 5, 23, 12
26, 6, 42, 16
26, 7, 51, 19
26, 8, 49, 24
26, 9, 29, 14
26, 10, 3, 3
26, 11, 23, 15
26, 12, 25, 13
26, 13, 18, 9
26, 14, 5, 5
27, 0, 0, 1
27, 1, 75, 30
27, 2, 14, 8
27, 3, 12, 7
27, 4, 61, 23
27, 5, 35, 15
27, 6, 24, 12
27, 7, 27, 12
27, 8, 25, 13
27, 9, 17, 10
27, 10, 50, 19
27, 11, 16, 10
27, 12, 12, 10
27, 13, 32, 15
27, 14, 68, 22
27, 15, 6, 6
27, 16, 41, 17
27, 17, 34, 17
27, 18, 63, 19
27, 19, 13, 8
27, 20, 98, 31
27, 21, 87, 29
27, 22, 41, 16
27, 23, 22, 14
27, 24, 23, 11
27, 25, 6, 5
27, 26, 6, 5
27, 27, 4, 4
28, 0, 58, 25
28, 1, 23, 13
28, 2, 86, 31
28, 3, 18, 7
28, 4, 9, 6
28, 5, 18, 9
28, 6, 95, 30
28, 7, 6, 6
28, 8, 37, 14
28, 9, 1, 2
28, 10, 3, 3
28, 11, 61, 24
28, 12, 16, 9
28, 13, 14, 9
28, 14, 11, 7
28, 15, 35, 16
28, 16, 54, 22
28, 17, 8, 6
28, 18, 8, 6
28, 19, 49, 22
28, 20, 6, 6
28, 21, 41, 19
28, 22, 13, 7
28, 23, 23, 12
28, 24, 17, 10
28, 25, 16, 12
28, 26, 11, 8
28, 27, 55, 26
28, 28, 38, 15
28, 29, 32, 16
28, 30, 29, 14
28, 31, 56, 22
28, 32, 10, 7
28, 33, 36, 15
28, 34, 31, 12
28, 35, 37, 15
28, 36, 24, 12
28, 37, 33, 19
28, 38, 17, 11
28, 39, 6, 4
28, 40, 58, 23
28, 41, 9, 6
28, 42, 41, 20
28, 43, 29, 15
28, 44, 3, 3
28, 45, 15, 8
29, 0, 14, 9
29, 1, 41, 20
29, 2, 36, 17
29, 3, 70, 22
29, 4, 54, 24
29, 5, 12, 8
29, 6, 46, 19
29, 7, 22, 13
29, 8, 51, 20
29, 9, 41, 17
29, 10, 13, 10
29, 11, 34, 17
29, 12, 80, 28
29, 13, 14, 10
29, 14, 17, 10
29, 15, 9, 8
29, 16, 52, 16
29, 17, 15, 8
29, 18, 28, 16
29, 19, 12, 8
29, 20, 55, 25
29, 21, 10, 8
29, 22, 28, 14
29, 23, 25, 15
29, 24, 31, 13
29, 25, 26, 13
29, 26, 41, 21
29, 27, 29, 14
29, 28, 3, 3
29, 29, 45, 19
29, 30, 18, 9
30, 0, 31, 19
30, 1, 35, 15
30, 2, 46, 17
30, 3, 14, 10
30, 4, 9, 8
30, 5, 58, 27
30, 6, 3, 3
30, 7, 52, 19
30, 8, 62, 27
30, 9, 46, 18
30, 10, 38, 16
30, 11, 38, 17
30, 12, 3, 3
30, 13, 50, 21
30, 14, 25, 12
30, 15, 29, 15
30, 16, 36, 14
30, 17, 32, 16
30, 18, 25, 12
30, 19, 15, 10
30, 20, 11, 9
30, 21, 15, 10
30, 22, 13, 10
30, 23, 32, 16
30, 24, 35, 15
30, 25, 28, 15
30, 26, 22, 10
30, 27, 22, 10
30, 28, 43, 20
30, 29, 20, 9
30, 30, 19, 13
30, 31, 48, 18
30, 32, 15, 9
30, 33, 6, 6
31, 0, 35, 18
31, 1, 19, 10
31, 2, 12, 7
31, 3, 29, 15
31, 4, 34, 14
31, 5, 6, 5
31, 6, 103, 40
31, 7, 88, 35
31, 8, 44, 24
31, 9, 24, 11
31, 10, 43, 20
31, 11, 28, 15
31, 12, 70, 33
31, 13, 55, 24
31, 14, 48, 20
31, 15, 56, 18
31, 16, 35, 15
31, 17, 14, 8
31, 18, 17, 9
31, 19, 22, 11
31, 20, 20, 10
31, 21, 10, 8
31, 22, 47, 21
31, 23, 58, 23
31, 24, 60, 24
31, 25, 27, 13
31, 26, 45, 20
31, 27, 69, 24
31, 28, 29, 13
31, 29, 43, 16
31, 30, 29, 13
31, 31, 21, 13
31, 32, 11, 6
31, 33, 13, 8
31, 34, 57, 23
31, 35, 23, 13
31, 36, 15, 10
31, 37, 31, 14
31, 38, 67, 19
31, 39, 6, 6
31, 40, 6, 5
31, 41, 13, 10
31, 42, 32, 15
31, 43, 5, 5
31, 44, 67, 25
31, 45, 34, 14
31, 46, 18, 9
31, 47, 47, 18
31, 48, 45, 23
31, 49, 6, 5
31, 50, 1, 2
31, 51, 12, 7
31, 52, 50, 18
31, 53, 13, 7
31, 54, 23, 11
31, 55, 39, 22
31, 56, 24, 12
31, 57, 28, 14
31, 58, 4, 4
31, 59, 92, 31
31, 60, 5, 5
31, 61, 8, 6
32, 0, 34, 17
32, 1, 64, 28
32, 2, 19, 9
32, 3, 18, 11
32, 4, 53, 26
32, 5, 51, 20
32, 6, 72, 23
32, 7, 25, 13
32, 8, 26, 11
32, 9, 4, 4
32, 10, 2, 3
32, 11, 62, 23
32, 12, 54, 23
32, 13, 32, 17
32, 14, 13, 9
32, 15, 14, 10
32, 16, 13, 10
32, 17, 14, 8
32, 18, 10, 6
32, 19, 14, 10
32, 20, 20, 11
32, 21, 18, 11
32, 22, 13, 8
32, 23, 54, 18
32, 24, 29, 13
32, 25, 46, 16
32, 26, 14, 8
32, 27, 16, 7
32, 28, 42, 17
32, 29, 34, 17
32, 30, 19, 10
32, 31, 19, 9
32, 32, 13, 10
32, 33, 47, 17
32, 34, 78, 31
32, 35, 94, 31
32, 36, 15, 9
32, 37, 198, 37
32, 38, 13, 7
32, 39, 12, 8
32, 40, 18, 13
32, 41, 35, 16
32, 42, 31, 16
32, 43, 77, 24
32, 44, 41, 18
32, 45, 19, 11
32, 46, 39, 18
32, 47, 0, 1
32, 48, 89, 29
32, 49, 28, 16
32, 50, 58, 23
32, 51, 12, 8
32, 52, 11, 6
32, 53, 16, 10
32, 54, 3, 4
32, 55, 57, 25
32, 56, 8, 6
32, 57, 95, 27
32, 58, 82, 27
32, 59, 48, 19
32, 60, 20, 10
32, 61, 21, 12
32, 62, 13, 10
32, 63, 64, 24
32, 64, 10, 8
32, 65, 21, 11
32, 66, 9, 8
32, 67, 19, 10
32, 68, 4, 4
32, 69, 27, 14
32, 70, 19, 10
32, 71, 60, 22
32, 72, 22, 11
32, 73, 17, 8
32, 74, 37, 17
32, 75, 60, 23
32, 76, 34, 14
32, 77, 25, 11
32, 78, 22, 11
32, 79, 33, 15
32, 80, 35, 14
32, 81, 44, 19
32, 82, 24, 15
32, 83, 6, 4
32, 84, 7, 5
32, 85, 30, 15
32, 86, 30, 17
32, 87, 11, 8
32, 88, 31, 17
32, 89, 38, 16
32, 90, 20, 14
32, 91, 15, 8
32, 92, 80, 32
32, 93, 10, 7
32, 94, 25, 14
32, 95, 14, 10
32, 96, 26, 16
32, 97, 61, 24
32, 98, 9, 6
32, 99, 15, 9
32, 100, 30, 13
32, 101, 33, 20
32, 102, 24, 13
32, 103, 46, 20
32, 104, 17, 9
32, 105, 10, 7
32, 106, 2, 3
32, 107, 40, 18
32, 108, 37, 15
32, 109, 6, 5
32, 110, 12, 8
32, 111, 51, 17
32, 112, 35, 17
32, 113, 52, 17
32, 114, 9, 7
32, 115, 39, 13
32, 116, 49, 22
32, 117, 20, 11
32, 118, 20, 8
32, 119, 31, 13
32, 120, 5, 5
32, 121, 24, 11
32, 122, 25, 14
32, 123, 67, 20
32, 124, 7, 6
32, 125, 47, 27
32, 126, 3, 3
32, 127, 3, 4
32, 128, 4, 4
32, 129, 9, 6
32, 130, 26, 14
32, 131, 36, 13
32, 132, 11, 7
32, 133, 22, 10
32, 134, 60, 20
32, 135, 16, 10
32, 136, 13, 7
32, 137, 19, 12
32, 138, 17, 10
32, 139, 26, 13
32, 140, 39, 22
32, 141, 21, 12
32, 142, 16, 11
32, 143, 22, 13
32, 144, 34, 19
32, 145, 13, 8
32, 146, 15, 8
32, 147, 16, 8
32, 148, 5, 5
32, 149, 102, 29
32, 150, 10, 5
32, 151, 14, 10
32, 152, 15, 11
32, 153, 82, 23
32, 154, 43, 22
32, 155, 9, 7
32, 156, 28, 11
32, 157, 8, 6
32, 158, 9, 7
32, 159, 4, 4
33, 0, 28, 15
33, 1, 34, 17
33, 2, 20, 11
33, 3, 36, 12
33, 4, 29, 13
33, 5, 14, 9
33, 6, 22, 9
33, 7, 19, 9
33, 8, 33, 15
33, 9, 21, 12
33, 10, 113, 27
33, 11, 19, 12
33, 12, 137, 31
33, 13, 124, 34
33, 14, 33, 13
33, 15, 85, 26
33, 16, 17, 10
33, 17, 59, 20
33, 18, 35, 16
33, 19, 18, 9
33, 20, 40, 20
33, 21, 19, 12
33, 22, 109, 30
33, 23, 21, 13
33, 24, 7, 5
33, 25, 13, 8
33, 26, 13, 9
33, 27, 28, 14
33, 28, 25, 12
33, 29, 131, 36
33, 30, 4, 4
33, 31, 34, 14
33, 32, 44, 18
33, 33, 21, 9
33, 34, 54, 19
33, 35, 6, 6
33, 36, 8, 7
33, 37, 23, 11
33, 38, 3, 3
33, 39, 7, 7
33, 40, 20, 10
33, 41, 22, 11
33, 42, 24, 14
33, 43, 18, 10
33, 44, 86, 35
33, 45, 1, 2
33, 46, 23, 14
33, 47, 16, 11
33, 48, 34, 15
33, 49, 26, 10
33, 50, 25, 12
33, 51, 7, 5
33, 52, 4, 4
33, 53, 8, 5
33, 54, 50, 26
33, 55, 13, 8
33, 56, 43, 18
33, 57, 60, 25
33, 58, 16, 10
33, 59, 38, 19
33, 60, 28, 15
33, 61, 21, 10
33, 62, 3, 3
33, 63, 35, 16
33, 64, 11, 7
33, 65, 35, 21
33, 66, 22, 12
33, 67, 11, 9
33, 68, 22, 10
33, 69, 8, 7
33, 70, 17, 9
33, 71, 6, 6
33, 72, 24, 12
33, 73, 6, 5
33, 74, 5, 5
33, 75, 13, 9
33, 76, 34, 15
33, 77, 44, 18
33, 78, 60, 22
33, 79, 22, 14
33, 80, 8, 6
33, 81, 28, 16
33, 82, 21, 9
33, 83, 16, 10
33, 84, 31, 13
33, 85, 16, 8
33, 86, 40, 13
33, 87, 42, 18
33, 88, 15, 11
33, 89, 14, 8
33, 90, 12, 8
33, 91, 12, 9
33, 92, 1, 2
33, 93, 18, 11
33, 94, 14, 8
33, 95, 5, 5
33, 96, 13, 10
33, 97, 21, 11
33, 98, 5, 5
33, 99, 7, 6
33, 100, 30, 16
33, 101, 29, 13
33, 102, 62, 25
33, 103, 35, 14
33, 104, 33, 11
33, 105, 11, 7
33, 106, 13, 9
33, 107, 14, 9
33, 108, 22, 12
33, 109, 40, 18
33, 110, 34, 14
33, 111, 11, 8
33, 112, 23, 14
33, 113, 14, 7
33, 114, 28, 13
33, 115, 12, 9
33, 116, 35, 17
33, 117, 43, 20
33, 118, 22, 12
33, 119, 33, 16
33, 120, 9, 7
33, 121, 16, 9
33, 122, 42, 17
33, 123, 6, 4
33, 124, 8, 6
33, 125, 11, 8
33, 126, 7, 5
33, 127, 31, 16
33, 128, 23, 12
33, 129, 36, 20
33, 130, 51, 20
33, 131, 10, 8
33, 132, 7, 5
33, 133, 32, 16
33, 134, 13, 6
33, 135, 77, 26
33, 136, 41, 17
33, 137, 16, 8
33, 138, 37, 15
33, 139, 5, 5
33, 140, 9, 7
33, 141, 8, 6
34, 0, 76, 28
34, 1, 27, 14
34, 2, 44, 18
34, 3, 20, 10
34, 4, 27, 14
34, 5, 27, 13
34, 6, 10, 8
34, 7, 30, 14
34, 8, 26, 12
34, 9, 10, 8
34, 10, 31, 15
34, 11, 54, 22
34, 12, 16, 9
34, 13, 37, 19
34, 14, 7, 6
34, 15, 14, 11
34, 16, 147, 39
34, 17, 36, 16
34, 18, 7, 6
34, 19, 51, 20
34, 20, 46, 18
34, 21, 27, 16
34, 22, 11, 7
34, 23, 34, 17
34, 24, 35, 19
34, 25, 44, 20
34, 26, 20, 13
34, 27, 26, 13
34, 28, 36, 18
34, 29, 35, 17
34, 30, 22, 10
34, 31, 12, 8
34, 32, 10, 6
34, 33, 16, 11
34, 34, 33, 13
34, 35, 37, 16
34, 36, 27, 14
34, 37, 7, 5
34, 38, 82, 29
34, 39, 32, 17
34, 40, 19, 13
34, 41, 11, 7
34, 42, 30, 15
34, 43, 17, 10
34, 44, 11, 8
34, 45, 5, 5
35, 0, 29, 19
35, 1, 13, 9
35, 2, 3, 3
35, 3, 4, 4
35, 4, 19, 9
35, 5, 30, 15
35, 6, 53, 19
35, 7, 104, 30
35, 8, 7, 6
35, 9, 20, 11
35, 10, 18, 10
35, 11, 15, 9
35, 12, 23, 13
35, 13, 20, 12
35, 14, 10, 5
35, 15, 21, 14
35, 16, 71, 31
35, 17, 28, 14
35, 18, 48, 18
35, 19, 6, 6
36, 0, 31, 15
36, 1, 52, 21
36, 2, 17, 10
36, 3, 39, 16
36, 4, 51, 20
36, 5, 24, 13
36, 6, 72, 33
36, 7, 26, 13
36, 8, 14, 8
36, 9, 41, 19
36, 10, 28, 13
36, 11, 11, 7
36, 12, 24, 13
36, 13, 14, 8
36, 14, 65, 25
36, 15, 9, 5
36, 16, 70, 20
36, 17, 7, 6
36, 18, 34, 13
36, 19, 9, 7
36, 20, 7, 6
36, 21, 6, 6
36, 22, 18, 9
36, 23, 49, 21
36, 24, 17, 10
36, 25, 11, 6
36, 26, 116, 32
36, 27, 9, 6
36, 28, 38, 17
36, 29, 14, 8
36, 30, 16, 10
36, 31, 19, 8
36, 32, 7, 5
36, 33, 17, 10
36, 34, 27, 15
36, 35, 21, 9
36, 36, 20, 13
36, 37, 27, 14
36, 38, 38, 20
36, 39, 100, 32
36, 40, 29, 11
36, 41, 31, 13
36, 42, 35, 16
36, 43, 3, 3
36, 44, 89, 27
36, 45, 10, 7
36, 46, 17, 9
36, 47, 61, 22
36, 48, 40, 15
36, 49, 6, 4
36, 50, 13, 9
36, 51, 23, 8
36, 52, 19, 12
36, 53, 20, 9
36, 54, 39, 19
36, 55, 38, 15
36, 56, 29, 15
36, 57, 12, 8
36, 58, 48, 19
36, 59, 22, 14
36, 60, 20, 9
36, 61, 20, 11
36, 62, 10, 8
36, 63, 21, 11
36, 64, 113, 37
36, 65, 40, 16
36, 66, 10, 7
36, 67, 21, 11
36, 68, 19, 12
36, 69, 36, 14
36, 70, 42, 18
36, 71, 15, 10
36, 72, 11, 8
36, 73, 3, 3
36, 74, 28, 13
36, 75, 43, 18
36, 76, 102, 30
36, 77, 63, 25
36, 78, 12, 7
36, 79, 33, 17
36, 80, 51, 20
36, 81, 25, 13
36, 82, 24, 12
36, 83, 91, 33
36, 84, 28, 13
36, 85, 28, 13
36, 86, 47, 19
36, 87, 7, 5
36, 88, 32, 17
36, 89, 27, 13
36, 90, 22, 13
36, 91, 25, 14
36, 92, 42, 17
36, 93, 1, 2
36, 94, 99, 37
36, 95, 18, 12
36, 96, 9, 6
36, 97, 97, 27
36, 98, 16, 9
36, 99, 38, 16
36, 100, 46, 18
36, 101, 29, 16
36, 102, 24, 11
36, 103, 11, 6
36, 104, 7, 7
36, 105, 18, 11
36, 106, 12, 8
36, 107, 58, 23
36, 108, 28, 14
36, 109, 62, 23
36, 110, 3, 3
36, 111, 49, 21
36, 112, 24, 13
36, 113, 50, 17
36, 114, 25, 13
36, 115, 61, 20
36, 116, 11, 6
36, 117, 36, 16
36, 118, 14, 10
36, 119, 47, 22
36, 120, 54, 19
36, 121, 74, 25
36, 122, 17, 9
36, 123, 56, 20
36, 124, 34, 15
36, 125, 15, 9
36, 126, 37, 17
36, 127, 22, 11
36, 128, 20, 9
36, 129, 18, 10
36, 130, 29, 13
36, 131, 68, 23
36, 132, 18, 11
36, 133, 13, 10
36, 134, 23, 11
36, 135, 33, 14
36, 136, 41, 21
36, 137, 72, 21
36, 138, 17, 10
36, 139, 41, 20
36, 140, 19, 10
36, 141, 15, 8
36, 142, 22, 13
36, 143, 12, 8
36, 144, 33, 13
36, 145, 9, 6
36, 146, 7, 5
36, 147, 11, 6
36, 148, 15, 10
36, 149, 16, 9
36, 150, 21, 14
36, 151, 15, 10
36, 152, 18, 10
36, 153, 75, 29
36, 154, 6, 5
36, 155, 8, 6
36, 156, 9, 7
36, 157, 1, 2
36, 158, 37, 19
36, 159, 84, 28
36, 160, 4, 4
37, 0, 20, 13
37, 1, 33, 12
37, 2, 40, 17
37, 3, 29, 15
37, 4, 47, 20
37, 5, 15, 9
37, 6, 51, 16
37, 7, 19, 12
37, 8, 37, 15
37, 9, 9, 7
37, 10, 18, 10
37, 11, 68, 26
37, 12, 49, 18
37, 13, 31, 15
37, 14, 12, 8
37, 15, 59, 23
37, 16, 36, 13
37, 17, 52, 21
37, 18, 3, 3
37, 19, 34, 15
37, 20, 25, 11
37, 21, 4, 4
37, 22, 31, 16
37, 23, 7, 6
37, 24, 20, 12
37, 25, 15, 10
37, 26, 29, 14
37, 27, 25, 13
37, 28, 17, 10
37, 29, 28, 12
37, 30, 6, 4
37, 31, 13, 8
37, 32, 11, 8
37, 33, 90, 31
37, 34, 38, 19
37, 35, 29, 14
37, 36, 11, 7
37, 37, 46, 22
37, 38, 50, 22
37, 39, 12, 8
37, 40, 12, 7
37, 41, 3, 3
37, 42, 8, 6
37, 43, 34, 17
37, 44, 20, 12
37, 45, 15, 9
37, 46, 4, 4
37, 47, 96, 33
37, 48, 16, 12
37, 49, 21, 12
37, 50, 26, 12
37, 51, 78, 28
37, 52, 47, 20
37, 53, 89, 26
37, 54, 13, 9
37, 55, 17, 10
37, 56, 11, 8
37, 57, 5, 5
37, 58, 60, 26
37, 59, 25, 14
38, 0, 0, 1
38, 1, 21, 12
38, 2, 41, 18
38, 3, 3, 3
38, 4, 15, 7
38, 5, 17, 9
38, 6, 78, 30
38, 7, 70, 26
38, 8, 26, 16
38, 9, 12, 9
38, 10, 9, 7
38, 11, 51, 23
38, 12, 48, 17
38, 13, 13, 7
38, 14, 50, 17
38, 15, 8, 6
38, 16, 52, 21
38, 17, 37, 18
38, 18, 7, 6
38, 19, 38, 18
38, 20, 89, 25
38, 21, 19, 9
38, 22, 14, 8
38, 23, 11, 8
38, 24, 48, 18
38, 25, 14, 10
38, 26, 47, 22
38, 27, 80, 22
38, 28, 4, 4
38, 29, 77, 29
38, 30, 37, 20
38, 31, 54, 19
38, 32, 27, 15
38, 33, 82, 23
38, 34, 28, 10
38, 35, 49, 19
38, 36, 105, 33
38, 37, 125, 39
38, 38, 6, 5
38, 39, 21, 12
38, 40, 9, 6
38, 41, 43, 16
38, 42, 9, 6
38, 43, 40, 21
38, 44, 90, 26
38, 45, 8, 6
38, 46, 39, 19
38, 47, 18, 10
38, 48, 23, 9
38, 49, 45, 23
38, 50, 13, 8
38, 51, 42, 16
38, 52, 75, 31
38, 53, 7, 5
38, 54, 8, 6
38, 55, 16, 8
38, 56, 34, 13
38, 57, 3, 3
38, 58, 6, 4
38, 59, 50, 22
38, 60, 6, 4
38, 61, 53, 27
38, 62, 6, 4
38, 63, 42, 18
38, 64, 16, 11
38, 65, 26, 11
38, 66, 33, 15
38, 67, 14, 10
38, 68, 16, 9
38, 69, 29, 14
38, 70, 36, 15
38, 71, 66, 25
38, 72, 17, 9
38, 73, 35, 16
38, 74, 25, 11
38, 75, 5, 5
38, 76, 58, 26
38, 77, 24, 11
38, 78, 27, 14
38, 79, 17, 10
38, 80, 15, 9
38, 81, 17, 10
38, 82, 11, 9
38, 83, 42, 19
38, 84, 59, 21
38, 85, 48, 16
38, 86, 35, 17
38, 87, 83, 29
38, 88, 3, 3
38, 89, 10, 7
38, 90, 37, 17
38, 91, 27, 13
38, 92, 28, 11
38, 93, 13, 8
38, 94, 19, 11
38, 95, 5, 5
38, 96, 15, 9
38, 97, 20, 12
38, 98, 29, 13
38, 99, 30, 15
38, 100, 31, 17
38, 101, 15, 10
38, 102, 14, 9
38, 103, 40, 20
38, 104, 9, 6
38, 105, 7, 6
38, 106, 18, 10
38, 107, 14, 9
38, 108, 60, 22
38, 109, 2, 3
38, 110, 28, 12
38, 111, 42, 18
38, 112, 20, 11
38, 113, 38, 14
38, 114, 50, 18
38, 115, 78, 29
38, 116, 63, 24
38, 117, 5, 5
38, 118, 29, 13
38, 119, 58, 23
38, 120, 61, 26
39, 0, 71, 28
39, 1, 138, 37
39, 2, 19, 12
39, 3, 104, 32
39, 4, 63, 25
39, 5, 32, 14
39, 6, 34, 14
39, 7, 111, 36
39, 8, 19, 12
39, 9, 5, 6
39, 10, 23, 13
39, 11, 24, 11
39, 12, 34, 14
39, 13, 33, 13
39, 14, 7, 5
39, 15, 28, 12
39, 16, 104, 33
39, 17, 19, 11
39, 18, 7, 6
39, 19, 26, 10
39, 20, 14, 10
39, 21, 22, 12
39, 22, 36, 18
39, 23, 33, 17
39, 24, 9, 6
39, 25, 10, 5
39, 26, 26, 12
39, 27, 1, 2
39, 28, 25, 14
39, 29, 88, 30
39, 30, 24, 11
39, 31, 16, 8
39, 32, 16, 9
39, 33, 25, 13
39, 34, 42, 14
39, 35, 89, 33
39, 36, 32, 11
39, 37, 19, 9
39, 38, 13, 10
39, 39, 58, 22
39, 40, 33, 15
39, 41, 18, 9
39, 42, 21, 11
39, 43, 40, 16
39, 44, 26, 12
39, 45, 15, 9
39, 46, 19, 8
39, 47, 6, 5
39, 48, 26, 14
39, 49, 11, 7
39, 50, 6, 6
39, 51, 41, 18
39, 52, 95, 32
39, 53, 61, 23
39, 54, 21, 11
39, 55, 7, 6
39, 56, 46, 18
39, 57, 35, 18
39, 58, 21, 11
39, 59, 16, 10
39, 60, 20, 10
39, 61, 33, 16
39, 62, 4, 4
39, 63, 48, 19
39, 64, 18, 10
39, 65, 91, 35
39, 66, 26, 14
39, 67, 15, 8
39, 68, 15, 10
39, 69, 28, 14
39, 70, 27, 14
39, 71, 44, 21
39, 72, 42, 21
39, 73, 18, 11
39, 74, 111, 36
39, 75, 29, 17
39, 76, 31, 16
39, 77, 116, 40
39, 78, 16, 7
39, 79, 60, 27
39, 80, 2, 3
39, 81, 51, 21
39, 82, 63, 21
39, 83, 51, 18
39, 84, 30, 14
39, 85, 58, 24
39, 86, 35, 16
39, 87, 27, 13
39, 88, 27, 13
39, 89, 12, 8
39, 90, 25, 13
39, 91, 16, 10
39, 92, 6, 4
39, 93, 22, 10
39, 94, 22, 13
39, 95, 57, 28
39, 96, 14, 9
39, 97, 12, 9
39, 98, 3, 3
39, 99, 14, 9
39, 100, 60, 26
39, 101, 12, 8
39, 102, 77, 30
39, 103, 119, 37
39, 104, 3, 3
39, 105, 131, 34
39, 106, 8, 6
39, 107, 80, 28
39, 108, 46, 19
39, 109, 48, 19
39, 110, 76, 30
39, 111, 41, 18
39, 112, 11, 7
39, 113, 19, 10
39, 114, 51, 21
40, 0, 52, 26
40, 1, 13, 8
40, 2, 24, 13
40, 3, 4, 4
40, 4, 26, 12
40, 5, 103, 34
40, 6, 41, 18
40, 7, 35, 17
40, 8, 16, 10
40, 9, 54, 24
40, 10, 38, 16
40, 11, 32, 12
40, 12, 16, 8
40, 13, 22, 13
40, 14, 44, 19
40, 15, 9, 8
40, 16, 51, 20
40, 17, 61, 23
40, 18, 31, 14
40, 19, 39, 15
40, 20, 24, 12
40, 21, 12, 9
40, 22, 103, 35
40, 23, 67, 25
40, 24, 26, 11
40, 25, 9, 6
40, 26, 34, 14
40, 27, 6, 6
40, 28, 7, 5
40, 29, 8, 6
40, 30, 28, 11
40, 31, 6, 5
40, 32, 19, 11
40, 33, 7, 6
41, 0, 36, 17
41, 1, 22, 12
41, 2, 23, 12
41, 3, 13, 9
41, 4, 31, 15
41, 5, 75, 25
41, 6, 23, 13
41, 7, 49, 17
41, 8, 4, 4
41, 9, 21, 10
41, 10, 24, 11
41, 11, 66, 23
41, 12, 24, 13
41, 13, 19, 11
41, 14, 31, 16
41, 15, 30, 15
41, 16, 9, 7
41, 17, 9, 6
41, 18, 16, 9
41, 19, 47, 23
41, 20, 6, 5
41, 21, 13, 9
41, 22, 30, 12
41, 23, 20, 9
41, 24, 14, 9
41, 25, 2, 3
41, 26, 11, 8
41, 27, 5, 5
41, 28, 19, 11
41, 29, 19, 12
41, 30, 6, 5
41, 31, 4, 4
41, 32, 7, 5
41, 33, 12, 7
41, 34, 37, 18
41, 35, 12, 7
41, 36, 3, 3
41, 37, 3, 3
41, 38, 31, 13
41, 39, 5, 5
41, 40, 8, 7
41, 41, 3, 3
41, 42, 6, 4
41, 43, 35, 14
41, 44, 46, 16
41, 45, 16, 8
41, 46, 30, 12
41, 47, 17, 9
41, 48, 9, 8
41, 49, 4, 4
41, 50, 0, 1
41, 51, 32, 17
41, 52, 7, 6
41, 53, 20, 12
41, 54, 27, 14
41, 55, 13, 7
41, 56, 28, 13
41, 57, 12, 8
41, 58, 25, 14
41, 59, 29, 13
41, 60, 15, 11
41, 61, 14, 8
41, 62, 11, 9
41, 63, 32, 12
41, 64, 17, 10
41, 65, 9, 6
41, 66, 4, 4
41, 67, 43, 17
41, 68, 12, 9
41, 69, 8, 6
41, 70, 11, 10
41, 71, 16, 9
41, 72, 12, 7
41, 73, 9, 7
41, 74, 11, 6
41, 75, 22, 13
41, 76, 22, 12
41, 77, 3, 3
41, 78, 23, 13
41, 79, 14, 8
41, 80, 81, 33
41, 81, 18, 11
41, 82, 26, 14
41, 83, 50, 16
41, 84, 118, 29
41, 85, 16, 10
41, 86, 6, 5
41, 87, 12, 9
41, 88, 37, 17
41, 89, 27, 11
41, 90, 0, 1
41, 91, 22, 12
41, 92, 89, 38
41, 93, 43, 19
41, 94, 54, 25
41, 95, 71, 28
41, 96, 33, 14
41, 97, 12, 7
41, 98, 31, 13
41, 99, 45, 18
41, 100, 28, 11
41, 101, 14, 9
41, 102, 7, 6
41, 103, 66, 25
41, 104, 14, 7
41, 105, 13, 10
41, 106, 48, 24
41, 107, 33, 20
41, 108, 1, 2
41, 109, 39, 16
41, 110, 31, 17
41, 111, 62, 26
41, 112, 16, 10
41, 113, 21, 12
41, 114, 17, 10
41, 115, 12, 8
41, 116, 5, 4
41, 117, 38, 19
41, 118, 19, 9
41, 119, 4, 4
41, 120, 15, 8
41, 121, 14, 9
41, 122, 26, 15
42, 0, 25, 13
42, 1, 19, 9
42, 2, 14, 9
42, 3, 21, 11
42, 4, 32, 18
42, 5, 40, 18
42, 6, 53, 16
42, 7, 16, 9
42, 8, 19, 11
42, 9, 10, 7
42, 10, 30, 16
42, 11, 36, 17
42, 12, 21, 12
42, 13, 51, 26
42, 14, 4, 4
42, 15, 6, 5
42, 16, 8, 5
42, 17, 3, 4
42, 18, 19, 10
42, 19, 30, 15
42, 20, 92, 38
42, 21, 64, 28
